zone,id_local,etablissement,activite,acces,gratuit,adresse,latitude,longitude,telephone,note_google,avis_google,site,source
La Roche-sur-Yon + 10 km,1,HuddL La Roche,Padel,Accès sur réservation,Non,"78 Imp. Philippe Gozola, 85000 La Roche-sur-Yon",46.66748,-1.35681,+33 6 81 67 88 57,4.9,151,https://www.destination-larochesuryon.fr/loisir/le-huddl/,Google + Cirkwi / Office de Tourisme
La Roche-sur-Yon + 10 km,2,HuddL La Roche,Foot5 / football,Accès sur réservation,Non,"78 Imp. Philippe Gozola, 85000 La Roche-sur-Yon",46.66748,-1.35681,+33 6 81 67 88 57,4.9,151,https://www.destination-larochesuryon.fr/loisir/le-huddl/,Google + Cirkwi / Office de Tourisme
La Roche-sur-Yon + 10 km,3,HuddL La Roche,Pickleball,Accès sur réservation,Non,"78 Imp. Philippe Gozola, 85000 La Roche-sur-Yon",46.66748,-1.35681,+33 6 81 67 88 57,4.9,151,https://www.destination-larochesuryon.fr/loisir/le-huddl/,Google + Cirkwi / Office de Tourisme
La Roche-sur-Yon + 10 km,4,Playbox,Padel,Accès sur réservation,Non,"111 Rue Jacques-Yves Cousteau, 85000 Mouilleron-le-Captif",46.710033,-1.428119,+33 9 67 74 84 42,4.4,730,https://www.playbox85.com/,Google + site officiel
La Roche-sur-Yon + 10 km,5,Playbox,Badminton,Accès sur réservation,Non,"111 Rue Jacques-Yves Cousteau, 85000 Mouilleron-le-Captif",46.710033,-1.428119,+33 9 67 74 84 42,4.4,730,https://www.playbox85.com/,Google + site officiel
La Roche-sur-Yon + 10 km,6,Playbox,Squash,Accès sur réservation,Non,"111 Rue Jacques-Yves Cousteau, 85000 Mouilleron-le-Captif",46.710033,-1.428119,+33 9 67 74 84 42,4.4,730,https://www.playbox85.com/activites/squash/,Google + site officiel
La Roche-sur-Yon + 10 km,7,Playbox,Escalade,Accès sur réservation,Non,"111 Rue Jacques-Yves Cousteau, 85000 Mouilleron-le-Captif",46.710033,-1.428119,+33 9 67 74 84 42,4.4,730,https://www.playbox85.com/,Google + site officiel
La Roche-sur-Yon + 10 km,8,Playbox,Trampoline,Accès sur réservation,Non,"111 Rue Jacques-Yves Cousteau, 85000 Mouilleron-le-Captif",46.710033,-1.428119,+33 9 67 74 84 42,4.4,730,https://www.playbox85.com/,Google + site officiel
La Roche-sur-Yon + 10 km,9,Playbox,Beach-volley / beach-soccer,Accès sur réservation,Non,"111 Rue Jacques-Yves Cousteau, 85000 Mouilleron-le-Captif",46.710033,-1.428119,+33 9 67 74 84 42,4.4,730,https://www.playbox85.com/,Google + Office de Tourisme
La Roche-sur-Yon + 10 km,10,Playbox,Réalité virtuelle / escape game,Accès sur réservation,Non,"111 Rue Jacques-Yves Cousteau, 85000 Mouilleron-le-Captif",46.710033,-1.428119,+33 9 67 74 84 42,4.4,730,https://www.playbox85.com/,Google + sources locales
La Roche-sur-Yon + 10 km,11,Tennis Entente Yonnaise Padel,Tennis / Padel,Accès sur réservation / inscription,Non,"Rue Robert Dauger, 85000 La Roche-sur-Yon",46.690121,-1.446014,+33 2 51 37 88 30,4.2,41,https://www.tennisententeyonnaise.fr/,Google + site officiel
La Roche-sur-Yon + 10 km,12,Complexe aquatique Le Cap,Natation / baignade / aquasports,Accès public sans réservation préalable,Non,"Impasse des Olympiades, 85000 La Roche-sur-Yon",46.670361,-1.447417,+33 2 51 05 58 55,,,https://larochesuryon.fr/piscines/,Ville de La Roche-sur-Yon + source GPS locale
La Roche-sur-Yon + 10 km,13,Golf Bluegreen La Domangère,Golf / practice / cours,Accès sur réservation / réservation de parcours,Non,"Route de La Rochelle, 85310 Nesmy",46.613,-1.409,+33 2 51 07 65 90,,,https://bluegreen.fr/domangere/,FFGolf
La Roche-sur-Yon + 10 km,14,City stade Montjoie,Multisports / basket / handball,Accès libre,Oui,"119 Rue de Saint-André d'Ornay, 85000 La Roche-sur-Yon",46.66908,-1.44487,,,,,RES / Verymap
La Roche-sur-Yon + 10 km,15,City stade Moulin Rouge,Multisports / football,Accès libre,Oui,"59 Rue Proudhon, 85000 La Roche-sur-Yon",46.66213,-1.41445,,,,,RES / Webvilles / Verymap
La Roche-sur-Yon + 10 km,16,City stade Jean Yole,Multisports / basket,Accès libre,Oui,"Impasse Jean Bart, 85000 La Roche-sur-Yon",46.67948,-1.43359,,,,,RES / Cartes-2-France
La Roche-sur-Yon + 10 km,17,City stade Léonce Gluard,Multisports / basket / handball,Accès libre,Oui,"Rue Léonce Gluard, 85000 La Roche-sur-Yon",46.66666,-1.43152,,,,,RES / Verymap
La Roche-sur-Yon + 10 km,18,City stade Vallée Verte,Multisports / basket / football / futsal,Accès libre,Oui,"10 Avenue Picasso, 85000 La Roche-sur-Yon",46.5951,-1.31655,,,,,RES / Verymap
La Roche-sur-Yon + 10 km,19,City stade Saint-André,Basket / multisports,Accès libre,Oui,"Chemin Guy Bourrieau, 85000 La Roche-sur-Yon",46.66562,-1.45504,,,,,RES / Cartes-2-France
La Roche-sur-Yon + 10 km,20,Skatepark du Square Bayard,Skate / roller / BMX,Accès libre,Oui,"19 Rue du Général Gallieni, 85000 La Roche-sur-Yon",46.665793,-1.427045,,4.1,138,,Cirkwi + Google
La Roche-sur-Yon + 10 km,21,Boulodrome / pétanque Saint-André,Pétanque / boules traditionnelles,Accès libre,Oui,"Chemin Guy Bourrieau, 85000 La Roche-sur-Yon",46.66541,-1.45364,,,,,RES / Webvilles
